suite,backbone,dataset,variant,method_label,failure_mode,failure_rate,rmse_avg_mean,rmse_avg_std,rmse_avg_n,rmse_worst_mean,rmse_worst_std,rmse_worst_n,mae_avg_mean,mae_avg_std,mae_avg_n,mae_worst_mean,mae_worst_std,mae_worst_n,uplink_mb_mean,uplink_mb_std,uplink_mb_n,runtime_sec_total_mean,runtime_sec_total_std,runtime_sec_total_n,valid_return_rate_mean,valid_return_rate_std,valid_return_rate_n,wasted_assigned_step_ratio_mean,wasted_assigned_step_ratio_std,wasted_assigned_step_ratio_n,returned_assigned_step_ratio_mean,returned_assigned_step_ratio_std,returned_assigned_step_ratio_n,empty_return_rounds_mean,empty_return_rounds_std,empty_return_rounds_n,num_parameters_mean,num_parameters_std,num_parameters_n
ablation,gru,ETTm1,hetero_h4,CoRA-Core,none,0.0,0.29506347249962367,0.004027773519219017,10,0.497003665663467,0.01347514648463528,10,0.1975868225680581,0.003089476585558658,10,0.3169823332310607,0.014251759252881392,10,120.70236206054688,0.0,10,91.69017725000158,14.657198089713827,10,1.0,0.0,10,0.0,0.0,10,1.0,0.0,10,0.0,0.0,10,40775.0,0.0,10
ablation,gru,ETTm1,hetero_h4,CoRA-StepAlloc,none,0.0,0.2952577947509239,0.004022744467722762,10,0.49776646697945026,0.012486925181737506,10,0.19759584725541052,0.0031099199768254903,10,0.31899468781638424,0.014064099647267233,10,120.70236206054688,0.0,10,93.86865844000712,17.77295681045868,10,1.0,0.0,10,0.0,0.0,10,1.0,0.0,10,0.0,0.0,10,40775.0,0.0,10
ablation,gru,ETTm1,hetero_h4,NoEMA,none,0.0,0.2949942587855425,0.004036264641374861,10,0.4970388339651713,0.0130677842641367,10,0.1975730282361199,0.0031552314052405404,10,0.3166833707821127,0.013255927601825,10,120.70236206054688,0.0,10,94.26813288000412,17.202481158217754,10,1.0,0.0,10,0.0,0.0,10,1.0,0.0,10,0.0,0.0,10,40775.0,0.0,10
ablation,gru,ETTm1,hetero_h4,NoRefresh,none,0.0,0.29973757197485085,0.004903291803548364,10,0.49662841785116696,0.012107537949340195,10,0.20186529296494715,0.004092916202817875,10,0.3165680368505262,0.021302600179155064,10,111.99188232421875,0.0,10,88.10424110001186,15.725083608205395,10,1.0,0.0,10,0.0,0.0,10,1.0,0.0,10,0.0,0.0,10,40775.0,0.0,10
ablation,gru,ETTm1,hetero_h4,NoWarmup,none,0.0,0.2947646145193364,0.003952024291315398,10,0.4963486022617662,0.013351959618054254,10,0.19747483662662696,0.003082743917425574,10,0.3180005012776861,0.014917491737518128,10,105.77011108398438,0.0,10,84.87649570999784,15.305162150475528,10,1.0,0.0,10,0.0,0.0,10,1.0,0.0,10,0.0,0.0,10,40775.0,0.0,10
ablation,gru,ETTm1,hetero_h4,Random,none,0.0,0.29544825776399897,0.0037765166702438306,10,0.5026909577913244,0.010576058187551814,10,0.19781772838745407,0.003064167052195234,10,0.3296470770460283,0.014208533402660548,10,120.70236206054688,0.0,10,98.43012803000165,16.667298635479447,10,1.0,0.0,10,0.0,0.0,10,1.0,0.0,10,0.0,0.0,10,40775.0,0.0,10
ablation,gru,ETTm1,hetero_h4,Top-m,none,0.0,0.2977135327527736,0.004142797199439143,10,0.49542923288268464,0.017190042252020744,10,0.20077002799021626,0.0034763288886680826,10,0.3041451426525298,0.011171743972178811,10,120.70236206054688,0.0,10,94.1694589800085,15.394535752166021,10,1.0,0.0,10,0.0,0.0,10,1.0,0.0,10,0.0,0.0,10,40775.0,0.0,10
ablation,gru,ETTm1,mcar_p70,CoRA-Core,none,0.0,0.41010769589959556,0.005206103537912357,10,0.7115140493327691,0.019916077946613223,10,0.29373293111708876,0.004568154444373138,10,0.49330243653892014,0.015592621218107793,10,120.70236206054688,0.0,10,94.50821156999446,17.21261790778612,10,1.0,0.0,10,0.0,0.0,10,1.0,0.0,10,0.0,0.0,10,40775.0,0.0,10
ablation,gru,ETTm1,mcar_p70,CoRA-StepAlloc,none,0.0,0.41040488525174645,0.005160719929864463,10,0.7177681303224709,0.019346254613702728,10,0.29398289202422767,0.004524884453541471,10,0.49689628292887533,0.014744858484522479,10,120.70236206054688,0.0,10,94.77692445998545,17.459031709356275,10,1.0,0.0,10,0.0,0.0,10,1.0,0.0,10,0.0,0.0,10,40775.0,0.0,10
ablation,gru,ETTm1,mcar_p70,Random,none,0.0,0.4109247548982826,0.0050208352590787545,10,0.7375506188369418,0.013760137198732045,10,0.2941675647508482,0.004000727192928111,10,0.5083397665685098,0.013189005375571456,10,120.70236206054688,0.0,10,96.29266502999235,18.16407923922137,10,1.0,0.0,10,0.0,0.0,10,1.0,0.0,10,0.0,0.0,10,40775.0,0.0,10
ablation,gru,ETTm1,mcar_p70,Top-m,none,0.0,0.4131971200434966,0.005865810939109645,10,0.6804379731129087,0.027966254997590395,10,0.2975166525363932,0.005318391081569969,10,0.4795552134366125,0.023985609182559903,10,120.70236206054688,0.0,10,95.73305146999773,17.634062811584574,10,1.0,0.0,10,0.0,0.0,10,1.0,0.0,10,0.0,0.0,10,40775.0,0.0,10
backbone,saits,ETTm1,hetero_h4,CoRA-Core,none,0.0,0.22159872712248752,0.006675185411443713,10,0.35112976687629327,0.03495742832339241,10,0.15422628236573116,0.004945725595558484,10,0.21929245021341465,0.01644596227619705,10,207.35052490234375,0.0,10,293.3109477799968,1.8738352867480417,10,1.0,0.0,10,0.0,0.0,10,1.0,0.0,10,0.0,0.0,10,70046.0,0.0,10
backbone,saits,ETTm1,hetero_h4,CoRA-StepAlloc,none,0.0,0.22174623039211858,0.006620018274687073,10,0.35182123823443706,0.03599945150197887,10,0.15428036159184996,0.004921669191650245,10,0.21968298752924403,0.01611095662674856,10,207.35052490234375,0.0,10,292.6361243400024,1.4922168169477585,10,1.0,0.0,10,0.0,0.0,10,1.0,0.0,10,0.0,0.0,10,70046.0,0.0,10
backbone,saits,ETTm1,hetero_h4,FedAvg,none,0.0,0.22156930210986148,0.0063756914186036675,10,0.35431764072202593,0.03693617077940094,10,0.15407715739450284,0.004858158351946373,10,0.22098954472872484,0.015101498271722255,10,267.20428466796875,0.0,10,377.20774829000004,0.794696008327943,10,1.0,0.0,10,0.0,0.0,10,1.0,0.0,10,0.0,0.0,10,70046.0,0.0,10
backbone,saits,ETTm1,hetero_h4,Random,none,0.0,0.22173097152999288,0.0066865335109728505,10,0.3550064867823793,0.03502163200572216,10,0.1542534037444882,0.005260130312596681,10,0.2208709741395351,0.017310761849924847,10,207.35052490234375,0.0,10,292.5807515499997,1.2419400053565428,10,1.0,0.0,10,0.0,0.0,10,1.0,0.0,10,0.0,0.0,10,70046.0,0.0,10
backbone,saits,ETTm1,mcar_p10,CoRA-Core,none,0.0,0.18509804467910346,0.0036185173264962817,10,0.44852045972765797,0.08154440994724252,10,0.12298303053607682,0.002516774830389542,10,0.19188014510774717,0.010917222509167069,10,207.35052490234375,0.0,10,228.90710518998677,29.62181649028243,10,1.0,0.0,10,0.0,0.0,10,1.0,0.0,10,0.0,0.0,10,70046.0,0.0,10
backbone,saits,ETTm1,mcar_p10,CoRA-StepAlloc,none,0.0,0.1851627065207529,0.0036988232634285155,10,0.4499356354789235,0.08207309809008168,10,0.1229691877929183,0.0024895022881551046,10,0.19213942408768364,0.01102346848126478,10,207.35052490234375,0.0,10,230.26707491999258,31.606779828144177,10,1.0,0.0,10,0.0,0.0,10,1.0,0.0,10,0.0,0.0,10,70046.0,0.0,10
backbone,saits,ETTm1,mcar_p10,FedAvg,none,0.0,0.18513198614397833,0.0033946043542636647,10,0.4517775628444486,0.08289571286366863,10,0.12281328009838532,0.00235951792881303,10,0.19333925392802012,0.010393846088519319,10,267.20428466796875,0.0,10,302.9072439300013,38.40139672372304,10,1.0,0.0,10,0.0,0.0,10,1.0,0.0,10,0.0,0.0,10,70046.0,0.0,10
backbone,saits,ETTm1,mcar_p10,Random,none,0.0,0.18521364581411492,0.0032900942047410227,10,0.4515927152041157,0.08013513447366848,10,0.1229189302842603,0.0026001508134575312,10,0.1930688302767725,0.00980992786641008,10,207.35052490234375,0.0,10,232.39764872000086,28.523576969008662,10,1.0,0.0,10,0.0,0.0,10,1.0,0.0,10,0.0,0.0,10,70046.0,0.0,10
failure,gru,ETTm1,hetero_h4,CoRA-Core,score_correlated,0.05,0.2955756730554591,0.004244314136513582,10,0.49878135015130354,0.014368098411762852,10,0.1981086165870541,0.003230735388497259,10,0.32211215900399426,0.012894978195034778,10,114.44948196411133,0.7434373022586277,10,106.17681091999984,1.5881015031929973,10,0.9481958762886599,0.006159260594135726,10,0.0518041237113402,0.006159260594135712,10,0.9481958762886599,0.006159260594135726,10,0.0,0.0,10,40775.0,0.0,10
failure,gru,ETTm1,hetero_h4,CoRA-StepAlloc,score_correlated,0.05,0.2958707054980761,0.0042971303528350335,10,0.4998169074016282,0.014261257177972062,10,0.19822319758980134,0.003276009788489207,10,0.32389631632631277,0.013260588003025759,10,114.43392753601074,0.7864861921278723,10,106.06180648000445,1.1251403185833597,10,0.9480670103092784,0.006515913845442028,10,0.05258376288659794,0.006597905284541956,10,0.947416237113402,0.006597905284541959,10,0.0,0.0,10,40775.0,0.0,10
failure,gru,ETTm1,hetero_h4,Random,score_correlated,0.05,0.2959584755763262,0.004148471196375298,10,0.5038773577246852,0.010504335314634752,10,0.198267682058676,0.003161108023239759,10,0.33234981784660983,0.014432915904298599,10,114.38726425170898,0.8557291862323385,10,106.6898277600063,1.1146446323664065,10,0.947680412371134,0.00708958111195113,10,0.052319587628865974,0.00708958111195112,10,0.947680412371134,0.00708958111195113,10,0.0,0.0,10,40775.0,0.0,10
failure,gru,ETTm1,hetero_h4,CoRA-Core,score_correlated,0.1,0.29533654581386587,0.0044652394472504495,10,0.49873748269936924,0.01295831568985449,10,0.197758010776974,0.0035438777579432953,10,0.3232658905296698,0.013194473299924708,10,108.70989799499512,1.4207702189790725,10,102.22116458998644,2.037553349656767,10,0.9006443298969072,0.01177085679786765,10,0.09935567010309279,0.01177085679786767,10,0.9006443298969072,0.01177085679786765,10,0.0,0.0,10,40775.0,0.0,10
failure,gru,ETTm1,hetero_h4,CoRA-StepAlloc,score_correlated,0.1,0.2958111772242376,0.0043929477154097,10,0.4993034839867283,0.012615448279917434,10,0.1980542868973761,0.0035139071360002607,10,0.3254533884887022,0.013106252022602473,10,108.7254524230957,1.4387262106265661,10,101.13248216999928,2.3662417944969327,10,0.9007731958762888,0.011919619351814079,10,0.10056056701030928,0.01182122662716706,10,0.8994394329896906,0.011821226627167045,10,0.0,0.0,10,40775.0,0.0,10
failure,gru,ETTm1,hetero_h4,Random,score_correlated,0.1,0.295646421288648,0.0042918092779663615,10,0.5034888745915126,0.011528996337494346,10,0.19795547611510156,0.0036513024201845165,10,0.33005126985166644,0.01606928861158859,10,108.78767013549805,1.322278874149591,10,101.88314845001442,0.9175582824914205,10,0.9012886597938143,0.010954871566525828,10,0.09871134020618558,0.01095487156652583,10,0.9012886597938143,0.010954871566525828,10,0.0,0.0,10,40775.0,0.0,10
failure,gru,ETTm1,hetero_h4,CoRA-Core,score_correlated,0.2,0.29657744412688486,0.005134749942404884,10,0.5113209369876988,0.021745518585710943,10,0.19826033856870445,0.004267469201440695,10,0.3365539009040487,0.018958229125764656,10,96.98185920715332,1.6514248626315053,10,91.40747302001691,2.0920333645829063,10,0.8034793814432989,0.0136817940795816,10,0.19652061855670103,0.013681794079581606,10,0.8034793814432989,0.0136817940795816,10,0.0,0.0,10,40775.0,0.0,10
failure,gru,ETTm1,hetero_h4,CoRA-StepAlloc,score_correlated,0.2,0.2969092233607628,0.005176620483609141,10,0.5134194271277162,0.02428689972767,10,0.1984035711733868,0.004250130105510323,10,0.3397078131907949,0.020623490696922944,10,96.96630477905273,1.7354789209452233,10,90.44779990999959,2.357253366350249,10,0.8033505154639176,0.014378168673075916,10,0.19947809278350515,0.014783200572575577,10,0.8005219072164949,0.014783200572575582,10,0.0,0.0,10,40775.0,0.0,10
failure,gru,ETTm1,hetero_h4,Random,score_correlated,0.2,0.29661891880918023,0.004873584886342669,10,0.5130349393659659,0.019311040975230415,10,0.1985325627799237,0.004105377038026573,10,0.34047147389970367,0.023653965123343012,10,96.65521621704102,2.2602438900171316,10,90.00273186000413,1.8802044235585649,10,0.8007731958762887,0.018725763534630298,10,0.19922680412371135,0.01872576353463029,10,0.8007731958762887,0.018725763534630298,10,0.0,0.0,10,40775.0,0.0,10
failure,gru,ETTm1,hetero_h4,CoRA-Core,uniform,0.05,0.2953133884492124,0.004302989962781146,10,0.49718133339730625,0.0144023780049893,10,0.19798033073051888,0.003148322967827569,10,0.31679451841420186,0.015482788089564619,10,114.12283897399902,0.5913865476156888,10,106.45007629000466,2.2139936420413955,10,0.9454896907216496,0.004899544114298587,10,0.05451030927835051,0.004899544114298581,10,0.9454896907216496,0.004899544114298587,10,0.0,0.0,10,40775.0,0.0,10
failure,gru,ETTm1,hetero_h4,CoRA-StepAlloc,uniform,0.05,0.29551554849892736,0.004304340636783179,10,0.49790480311788504,0.014242708219090275,10,0.19806237186108996,0.003154353148592642,10,0.3186889974294255,0.014756617348149419,10,114.10728454589844,0.6010802071389509,10,107.45201277000015,2.2393297518212525,10,0.945360824742268,0.004979854551955139,10,0.05441365979381443,0.005170566208691141,10,0.9455863402061855,0.005170566208691146,10,0.0,0.0,10,40775.0,0.0,10
failure,gru,ETTm1,hetero_h4,Random,uniform,0.05,0.2957132593555738,0.0038802698716743156,10,0.5026207225232134,0.011422237702406668,10,0.19808840579581466,0.0027872743397207105,10,0.3306360700488108,0.01761051475065996,10,114.09173011779785,0.6649909641551608,10,105.94594008999411,0.8041269906747452,10,0.9452319587628863,0.005509345076623976,10,0.05476804123711341,0.005509345076623995,10,0.9452319587628863,0.005509345076623976,10,0.0,0.0,10,40775.0,0.0,10
failure,gru,ETTm1,hetero_h4,CoRA-Core,uniform,0.1,0.29583844327436915,0.0038603102269695296,10,0.4996722986135576,0.010913664621852979,10,0.19820022438536058,0.0031574216090084887,10,0.3168928522201232,0.012170196823530668,10,108.30548286437988,1.8564948257308478,10,100.65072633000091,3.059474494937841,10,0.8972938144329898,0.015380766325016813,10,0.1027061855670103,0.015380766325016825,10,0.8972938144329898,0.015380766325016813,10,0.0,0.0,10,40775.0,0.0,10
failure,gru,ETTm1,hetero_h4,CoRA-StepAlloc,uniform,0.1,0.2960255220104115,0.003935694920233776,10,0.5010482082355934,0.011157562658214807,10,0.19818687018552367,0.003194236378021113,10,0.31898561812846393,0.012274482663381499,10,108.2899284362793,1.9903185901845741,10,101.53408214001101,2.6078093766083614,10,0.8971649484536084,0.016489475070804217,10,0.10268685567010309,0.016442495781354746,10,0.8973131443298967,0.016442495781354732,10,0.0,0.0,10,40775.0,0.0,10
failure,gru,ETTm1,hetero_h4,Random,uniform,0.1,0.2961229859140173,0.004106619129101291,10,0.5044554445967084,0.01439145673231095,10,0.1983453072055092,0.0036284784733839263,10,0.328857036096813,0.011066779018697228,10,108.2899284362793,1.8136460200840785,10,100.79052849999862,1.4340114333984857,10,0.8971649484536082,0.015025770739882574,10,0.10283505154639176,0.01502577073988258,10,0.8971649484536082,0.015025770739882574,10,0.0,0.0,10,40775.0,0.0,10
failure,gru,ETTm1,hetero_h4,CoRA-Core,uniform,0.2,0.29752968423236,0.004396281280158718,10,0.4990729603778371,0.016693999161118786,10,0.19975794401369817,0.0034393188109476057,10,0.32346638612526507,0.016744809549018913,10,95.56640625,1.338444252890433,10,88.55908786000218,1.3512033148305722,10,0.7917525773195877,0.011088799175438185,10,0.20824742268041238,0.011088799175438178,10,0.7917525773195877,0.011088799175438185,10,0.0,0.0,10,40775.0,0.0,10
failure,gru,ETTm1,hetero_h4,CoRA-StepAlloc,uniform,0.2,0.2979187904608905,0.004538122123365277,10,0.5001619975405844,0.017450031500590546,10,0.1999985667619641,0.0036026340073839896,10,0.32515511199511116,0.016859637453620818,10,95.55085182189941,1.365978347386322,10,88.68365381999175,1.826025267608117,10,0.7916237113402063,0.011316914798246605,10,0.2084922680412371,0.011387529149765036,10,0.7915077319587629,0.011387529149765043,10,0.0,0.0,10,40775.0,0.0,10
failure,gru,ETTm1,hetero_h4,Random,uniform,0.2,0.2976779336352512,0.0038088925353633243,10,0.5017904930417612,0.013454264614682679,10,0.20000457586984993,0.003021800068725935,10,0.334107326664886,0.013633604992779843,10,95.41086196899414,1.2382905295837128,10,89.0137158100144,1.2115805423700454,10,0.7904639175257733,0.010259041401050302,10,0.2095360824742268,0.010259041401050297,10,0.7904639175257733,0.010259041401050302,10,0.0,0.0,10,40775.0,0.0,10
failure,gru,ETTm1,mcar_p10,CoRA-Core,score_correlated,0.05,0.24822662584525185,0.0026898965030047214,10,0.4537106012182309,0.01678001529038787,10,0.16452314074396035,0.001822340737774707,10,0.2973196626705651,0.009935910012187401,10,114.77612495422363,1.0145547212723878,10,88.96383305999333,6.94139137594477,10,0.95090206185567,0.00840542557703608,10,0.0490979381443299,0.00840542557703606,10,0.95090206185567,0.00840542557703608,10,0.0,0.0,10,40775.0,0.0,10
failure,gru,ETTm1,mcar_p10,CoRA-StepAlloc,score_correlated,0.05,0.24827956532284484,0.0027815254620217975,10,0.4574230082795797,0.01735430991976874,10,0.16446486747348693,0.0018333480468510728,10,0.29884957863266703,0.009933426154973701,10,114.76057052612305,1.064591744696858,10,89.11409258000204,7.044231686282394,10,0.9507731958762887,0.008819974410797682,10,0.04974871134020619,0.00885074931342806,10,0.9502512886597938,0.008850749313428077,10,0.0,0.0,10,40775.0,0.0,10
failure,gru,ETTm1,mcar_p10,Random,score_correlated,0.05,0.24810405553896436,0.0024137142148232915,10,0.4662139309973373,0.014369973951555513,10,0.16425542505735355,0.001599548762644368,10,0.30260129285250076,0.010527756958441077,10,115.07165908813477,1.3376406237258844,10,89.64492251001066,7.2794146117141105,10,0.9533505154639176,0.01108214123477465,10,0.04664948453608246,0.01108214123477464,10,0.9533505154639176,0.01108214123477465,10,0.0,0.0,10,40775.0,0.0,10
failure,gru,ETTm1,mcar_p10,CoRA-Core,score_correlated,0.1,0.2485732288578557,0.003656604351032426,10,0.45679159409301084,0.018597089222064128,10,0.1648484794942392,0.0026250066955244384,10,0.299103031904961,0.011466404217287899,10,108.24326515197754,1.7589422793161322,10,84.38251596000046,6.657410300642059,10,0.8967783505154638,0.014572558890221299,10,0.10322164948453608,0.0145725588902213,10,0.8967783505154638,0.014572558890221299,10,0.0,0.0,10,40775.0,0.0,10
failure,gru,ETTm1,mcar_p10,CoRA-StepAlloc,score_correlated,0.1,0.24883200451675647,0.0037048256689069087,10,0.46064636378643825,0.018458622360809914,10,0.1649386836709602,0.0027187460432592614,10,0.3005017473722763,0.01126327182020629,10,108.24326515197754,1.7327660829394864,10,84.31239352999837,6.521631701694858,10,0.8967783505154638,0.01435569323879755,10,0.1042783505154639,0.014451521454475626,10,0.895721649484536,0.014451521454475624,10,0.0,0.0,10,40775.0,0.0,10
failure,gru,ETTm1,mcar_p10,Random,score_correlated,0.1,0.24802517018893983,0.003583975494197362,10,0.4676459592057058,0.019406287163682052,10,0.16420361943665204,0.002433591318963717,10,0.30258104131497293,0.011323317004040304,10,107.93217658996582,1.5887020742565285,10,83.99407934000483,6.951357031654193,10,0.894201030927835,0.01316214568741913,10,0.10579896907216495,0.013162145687419123,10,0.894201030927835,0.01316214568741913,10,0.0,0.0,10,40775.0,0.0,10
failure,gru,ETTm1,mcar_p10,CoRA-Core,score_correlated,0.2,0.24899997451177303,0.0029803650741745792,10,0.4622842731676339,0.020657897443017083,10,0.16500093244505565,0.002227656942047847,10,0.2993187441938704,0.009431774183346993,10,95.61306953430176,1.504577720975099,10,74.44045707999612,5.430350457958888,10,0.7921391752577319,0.01246518871122316,10,0.20786082474226805,0.012465188711223157,10,0.7921391752577319,0.01246518871122316,10,0.0,0.0,10,40775.0,0.0,10
failure,gru,ETTm1,mcar_p10,CoRA-StepAlloc,score_correlated,0.2,0.24933100757113297,0.002992884539759187,10,0.46551649279085316,0.020788555896947045,10,0.1651500550818449,0.0021356481470841235,10,0.30100662853502796,0.009273120062419076,10,95.70639610290527,1.509928298747011,10,74.3032837600098,5.347310866482281,10,0.7929123711340207,0.01250951740272986,10,0.2094458762886598,0.01283783011598498,10,0.7905541237113403,0.012837830115984966,10,0.0,0.0,10,40775.0,0.0,10
failure,gru,ETTm1,mcar_p10,Random,score_correlated,0.2,0.2487711559874572,0.0022577750644806444,10,0.46493607989238805,0.01591551965680421,10,0.16487882398749093,0.0016565780723588313,10,0.3007616075112124,0.008060024575502726,10,95.76861381530762,1.39132695322562,10,74.61185253000585,5.94528652513797,10,0.7934278350515463,0.01152692399281881,10,0.20657216494845362,0.011526923992818806,10,0.7934278350515463,0.01152692399281881,10,0.0,0.0,10,40775.0,0.0,10
failure,gru,ETTm1,mcar_p10,CoRA-Core,uniform,0.05,0.2483702836778569,0.0030670920712044967,10,0.45458549080724764,0.01747269068658349,10,0.16454580460929313,0.002289533161542554,10,0.29784883016866937,0.010243411322159487,10,114.85389709472656,0.9978569397677792,10,90.62527123999898,7.645830267715097,10,0.9515463917525773,0.008267087095339814,10,0.048453608247422675,0.0082670870953398,10,0.9515463917525773,0.008267087095339814,10,0.0,0.0,10,40775.0,0.0,10
failure,gru,ETTm1,mcar_p10,CoRA-StepAlloc,uniform,0.05,0.2483622023936804,0.0031500348138359387,10,0.45885822784072416,0.01784081665008717,10,0.16442691463281806,0.0023721434671638885,10,0.29969036070579735,0.010237490438613231,10,114.83834266662598,1.0422627540970537,10,90.18064626998967,7.837456171916777,10,0.9514175257731958,0.008634982251418032,10,0.04866623711340205,0.008981672697632477,10,0.951333762886598,0.008981672697632493,10,0.0,0.0,10,40775.0,0.0,10
failure,gru,ETTm1,mcar_p10,Random,uniform,0.05,0.24808240568362727,0.0030368727073404617,10,0.4682534564296478,0.015415260107946785,10,0.16405890013276503,0.0019680171485104807,10,0.3032241844389135,0.010787826879637476,10,114.93166923522949,1.003900136427689,10,90.7947381799866,7.6276186595533995,10,0.9521907216494846,0.008317154024907262,10,0.04780927835051546,0.008317154024907245,10,0.9521907216494846,0.008317154024907262,10,0.0,0.0,10,40775.0,0.0,10
failure,gru,ETTm1,mcar_p10,CoRA-Core,uniform,0.1,0.24871235756013324,0.0027785491570080636,10,0.45409412459538867,0.020839821277568785,10,0.16495356830422642,0.0019488294406369696,10,0.2985259759867719,0.012512750532219511,10,107.90106773376465,1.2616251084165733,10,84.30126950999838,8.16674281701128,10,0.8939432989690721,0.01045236470006872,10,0.10605670103092783,0.010452364700068714,10,0.8939432989690721,0.01045236470006872,10,0.0,0.0,10,40775.0,0.0,10
failure,gru,ETTm1,mcar_p10,CoRA-StepAlloc,uniform,0.1,0.24884150145036865,0.0028676044825012665,10,0.45725153506429894,0.02160732815906555,10,0.16493533291401696,0.002030551190336382,10,0.2998059694097809,0.012737901564538188,10,107.90106773376465,1.2743455622365427,10,83.92195583999856,8.804884314369447,10,0.8939432989690722,0.010557751650272628,10,0.10619845360824742,0.010649144381017458,10,0.8938015463917527,0.01064914438101746,10,0.0,0.0,10,40775.0,0.0,10
failure,gru,ETTm1,mcar_p10,Random,uniform,0.1,0.24849843417871997,0.0026644777098312317,10,0.4657779153344513,0.01862041066713656,10,0.16452951080019598,0.0016170418484170452,10,0.3027671962579175,0.011912397323865452,10,108.1810474395752,0.715616396997602,10,85.17357139000087,7.226417362976418,10,0.8962628865979383,0.00592876878945115,10,0.10373711340206185,0.005928768789451143,10,0.8962628865979383,0.00592876878945115,10,0.0,0.0,10,40775.0,0.0,10
failure,gru,ETTm1,mcar_p10,CoRA-Core,uniform,0.2,0.2477673895712807,0.002728529945774022,10,0.4520136079186715,0.019304602398048803,10,0.1642655844738738,0.001998237708451127,10,0.2968148955495835,0.01256386088358119,10,96.81076049804688,1.466852120557081,10,74.37985918999766,6.469928549929936,10,0.8020618556701031,0.012152638071997934,10,0.19793814432989693,0.012152638071997934,10,0.8020618556701031,0.012152638071997934,10,0.0,0.0,10,40775.0,0.0,10
failure,gru,ETTm1,mcar_p10,CoRA-StepAlloc,uniform,0.2,0.24785515727090207,0.002813719852261526,10,0.45598091123160794,0.020046131004376907,10,0.1642176342575826,0.0020780127443671315,10,0.2983254631849765,0.012790329117618971,10,96.91964149475098,1.5035053204675197,10,74.91065608999342,6.127550901746047,10,0.8029639175257731,0.012456304042445576,10,0.19703608247422683,0.01287209235147659,10,0.8029639175257731,0.012872092351476582,10,0.0,0.0,10,40775.0,0.0,10
failure,gru,ETTm1,mcar_p10,Random,uniform,0.2,0.2480045392451044,0.0026051414428992733,10,0.4661432565306406,0.016773489112881203,10,0.16423527364836404,0.001599656765249359,10,0.30266000155572914,0.012255747822205277,10,97.02852249145508,0.9526514043672126,10,74.83005897000548,7.197664848978224,10,0.8038659793814433,0.007892566376533227,10,0.19613402061855673,0.007892566376533228,10,0.8038659793814433,0.007892566376533227,10,0.0,0.0,10,40775.0,0.0,10
main,gru,Beijing_AQI,hetero,CoRA-Core,none,0.0,0.465066462836589,0.002399913945920749,20,0.6754267768572702,0.009882505323151693,20,0.22186437502169185,0.0014010928909063292,20,0.2576689439129164,0.0019558148257118927,20,79.24899291992188,0.0,20,75.47641760499974,14.670234655117309,20,1.0,0.0,20,0.0,0.0,20,1.0,0.0,20,0.0,0.0,20,42571.0,0.0,20
main,gru,Beijing_AQI,hetero,CoRA-StepAlloc,none,0.0,0.465011709595227,0.0024832866507394718,20,0.6751909307774372,0.010039753739301304,20,0.2218510665030396,0.0013554111617317484,20,0.25764701998708356,0.0019358994939317495,20,79.24899291992188,0.0,20,74.35479349500238,15.430786182931842,20,1.0,0.0,20,0.0,0.0,20,1.0,0.0,20,0.0,0.0,20,42571.0,0.0,20
main,gru,Beijing_AQI,hetero,FedAvg,none,0.0,0.4643912401486121,0.0019641053889979153,10,0.6727892688858684,0.009078966393258014,10,0.22180476453850315,0.001662000802335197,10,0.25774481129753407,0.002248100691010119,10,97.43728637695312,0.0,10,92.80822782000178,13.98593344956702,10,1.0,0.0,10,0.0,0.0,10,1.0,0.0,10,0.0,0.0,10,42571.0,0.0,10
main,gru,Beijing_AQI,hetero,FedProx,none,0.0,0.47315872295507794,0.00200769531449749,10,0.6822390265989452,0.008058521124526217,10,0.2292911554618225,0.0015262689120954503,10,0.26648723751244136,0.002083046944785811,10,97.43728637695312,0.0,10,121.11498310999013,16.46286846904489,10,1.0,0.0,10,0.0,0.0,10,1.0,0.0,10,0.0,0.0,10,42571.0,0.0,10
main,gru,Beijing_AQI,hetero,LocalOnly,none,0.0,,,0,,,0,,,0,,,0,0.0,0.0,10,88.3730646800017,14.970540889752725,10,,,0,,,0,,,0,,,0,,,0
main,gru,Beijing_AQI,hetero,qFedAvg,none,0.0,0.4643657642889133,0.001950869571034266,10,0.6723665372486936,0.008946515446791441,10,0.22198631208402614,0.0016543141345535658,10,0.25790195256131115,0.002278276711541376,10,97.43728637695312,0.0,10,93.31428226999705,13.726655250635858,10,1.0,0.0,10,0.0,0.0,10,1.0,0.0,10,0.0,0.0,10,42571.0,0.0,10
main,gru,Beijing_AQI,hetero,Random,none,0.0,0.46519882745197016,0.0022952081476429386,20,0.6763312727282311,0.009697404198835828,20,0.22170098958376627,0.0013305171025157771,20,0.25747461280795003,0.001979230250167522,20,79.24899291992188,0.0,20,72.16978752000287,12.746456907598192,20,1.0,0.0,20,0.0,0.0,20,1.0,0.0,20,0.0,0.0,20,42571.0,0.0,20
main,gru,Beijing_AQI,mcar_p10,CoRA-Core,none,0.0,0.4961685525430816,0.0031504761324148397,20,0.6966838227057786,0.0034720478888865067,20,0.21205438384466474,0.0009036004886092294,20,0.2290312234477212,0.0008832552883865359,20,79.24899291992188,0.0,20,73.15897812999756,12.162557162868861,20,1.0,0.0,20,0.0,0.0,20,1.0,0.0,20,0.0,0.0,20,42571.0,0.0,20
main,gru,Beijing_AQI,mcar_p10,CoRA-StepAlloc,none,0.0,0.4961282330059946,0.0030957802591124717,20,0.6966785369234676,0.0034317367557958334,20,0.21200755454876474,0.0008951203449100192,20,0.22901908621186537,0.0008775204487868023,20,79.24899291992188,0.0,20,71.91710911499831,8.894001798564876,20,1.0,0.0,20,0.0,0.0,20,1.0,0.0,20,0.0,0.0,20,42571.0,0.0,20
main,gru,Beijing_AQI,mcar_p10,FedAvg,none,0.0,0.4957507958937173,0.002848078143128244,10,0.6963909845943634,0.00283176261089601,10,0.21182157267677965,0.0012991816475798352,10,0.22879837503222636,0.0013208665497109967,10,97.43728637695312,0.0,10,96.70728677000152,15.400025098479986,10,1.0,0.0,10,0.0,0.0,10,1.0,0.0,10,0.0,0.0,10,42571.0,0.0,10
main,gru,Beijing_AQI,mcar_p10,FedProx,none,0.0,0.503365276370809,0.002562197534128976,10,0.7037353178342283,0.0028311744015624696,10,0.21927767158508193,0.0013871975266690545,10,0.23605216862974418,0.0014396465311026533,10,97.43728637695312,0.0,10,128.80773178000237,18.410333763702376,10,1.0,0.0,10,0.0,0.0,10,1.0,0.0,10,0.0,0.0,10,42571.0,0.0,10
main,gru,Beijing_AQI,mcar_p10,LocalOnly,none,0.0,,,0,,,0,,,0,,,0,0.0,0.0,10,95.75727709999774,11.441312596272239,10,,,0,,,0,,,0,,,0,,,0
main,gru,Beijing_AQI,mcar_p10,qFedAvg,none,0.0,0.49559513083489903,0.0028075017497485393,10,0.6961469484630827,0.0028245831339862412,10,0.21194001956395137,0.0013226050551248044,10,0.22890142337651267,0.0013348748423672118,10,97.43728637695312,0.0,10,101.83701080999454,13.96311028223264,10,1.0,0.0,10,0.0,0.0,10,1.0,0.0,10,0.0,0.0,10,42571.0,0.0,10
main,gru,Beijing_AQI,mcar_p10,Random,none,0.0,0.4963674706620809,0.003157793519101488,20,0.696996937173805,0.003510266690197314,20,0.21189815832681957,0.0009540651334030252,20,0.22891208764114462,0.0009813930710534538,20,79.24899291992188,0.0,20,74.34310881499405,14.945484975508528,20,1.0,0.0,20,0.0,0.0,20,1.0,0.0,20,0.0,0.0,20,42571.0,0.0,20
main,gru,ETTm1,hetero,CoRA-Core,none,0.0,0.31393545614551716,0.0033035790844220905,20,0.5220852904151279,0.017724888851207255,20,0.20823764956634064,0.0026853575163613246,20,0.34072897886777953,0.009892069607056679,20,120.70236206054688,0.0,20,102.26318200999667,16.667167945887076,20,1.0,0.0,20,0.0,0.0,20,1.0,0.0,20,0.0,0.0,20,40775.0,0.0,20
main,gru,ETTm1,hetero,CoRA-StepAlloc,none,0.0,0.31405534618538455,0.003347416005215365,20,0.5248535023137432,0.017584595002434603,20,0.20822626308479447,0.002770668679403038,20,0.3413051667976616,0.009980050423803502,20,120.70236206054688,0.0,20,100.40738504999754,15.577796391312786,20,1.0,0.0,20,0.0,0.0,20,1.0,0.0,20,0.0,0.0,20,40775.0,0.0,20
main,gru,ETTm1,hetero,FedAvg,none,0.0,0.3133255032376097,0.0027167479853393954,10,0.5303372004005856,0.018501725488497857,10,0.2072116241380916,0.0023847957391167564,10,0.3420486674598462,0.007286500429723224,10,155.54428100585938,0.0,10,141.80603896001702,17.693937123512367,10,1.0,0.0,10,0.0,0.0,10,1.0,0.0,10,0.0,0.0,10,40775.0,0.0,10
main,gru,ETTm1,hetero,FedProx,none,0.0,0.3281885314297918,0.003835079809951141,10,0.5432363593277467,0.017058568709074826,10,0.21922276798341356,0.0038808111091132385,10,0.3532049583658302,0.0073735976298537195,10,155.54428100585938,0.0,10,188.8772584899969,25.877777429227514,10,1.0,0.0,10,0.0,0.0,10,1.0,0.0,10,0.0,0.0,10,40775.0,0.0,10
main,gru,ETTm1,hetero,LocalOnly,none,0.0,,,0,,,0,,,0,,,0,0.0,0.0,10,132.15393726999756,18.37731473004583,10,,,0,,,0,,,0,,,0,,,0
main,gru,ETTm1,hetero,qFedAvg,none,0.0,0.3135874693152703,0.002667210539558817,10,0.523780278297617,0.019111239116967164,10,0.20780284013600067,0.002391512074263652,10,0.33787503456333084,0.007795994443526894,10,155.54428100585938,0.0,10,140.61870738000727,19.70843341065486,10,1.0,0.0,10,0.0,0.0,10,1.0,0.0,10,0.0,0.0,10,40775.0,0.0,10
main,gru,ETTm1,hetero,Random,none,0.0,0.31376940623175364,0.002989559526252734,20,0.5281374179104963,0.017755311646386777,20,0.2077806437510749,0.002719258088080102,20,0.3447335031124944,0.011321345446649244,20,120.70236206054688,0.0,20,101.97848715,17.889419639041066,20,1.0,0.0,20,0.0,0.0,20,1.0,0.0,20,0.0,0.0,20,40775.0,0.0,20
main,gru,ETTm1,mcar_p10,CoRA-Core,none,0.0,0.248242684542135,0.003206449503197712,20,0.4500072791769879,0.014731111851589887,20,0.16470799516276996,0.002275793403485716,20,0.2959873674109698,0.008114381349082496,20,120.70236206054688,0.0,20,102.51821569500171,17.391581025431243,20,1.0,0.0,20,0.0,0.0,20,1.0,0.0,20,0.0,0.0,20,40775.0,0.0,20
main,gru,ETTm1,mcar_p10,CoRA-StepAlloc,none,0.0,0.24827686244443034,0.0032129497106164967,20,0.45371689071917887,0.014499170777719773,20,0.16462834068268023,0.0022507249276841634,20,0.2973110399723307,0.007854101769845757,20,120.70236206054688,0.0,20,99.46517005499481,15.352241115182254,20,1.0,0.0,20,0.0,0.0,20,1.0,0.0,20,0.0,0.0,20,40775.0,0.0,20
main,gru,ETTm1,mcar_p10,FedAvg,none,0.0,0.2478563454736034,0.003126969344080477,10,0.4624010564598143,0.015915485037661513,10,0.16401672928456862,0.002033943870146433,10,0.30049033635276384,0.0092147696418919,10,155.54428100585938,0.0,10,135.08738315001247,16.920866823013903,10,1.0,0.0,10,0.0,0.0,10,1.0,0.0,10,0.0,0.0,10,40775.0,0.0,10
main,gru,ETTm1,mcar_p10,FedProx,none,0.0,0.2657038390124935,0.002148825790594511,10,0.46655081713379376,0.012556349484911078,10,0.1772811964022704,0.0016246216116979023,10,0.30880081787164787,0.009653869136368958,10,155.54428100585938,0.0,10,179.204287439998,24.00419428876074,10,1.0,0.0,10,0.0,0.0,10,1.0,0.0,10,0.0,0.0,10,40775.0,0.0,10
main,gru,ETTm1,mcar_p10,LocalOnly,none,0.0,,,0,,,0,,,0,,,0,0.0,0.0,10,129.6421834299923,20.924020117005938,10,,,0,,,0,,,0,,,0,,,0
main,gru,ETTm1,mcar_p10,qFedAvg,none,0.0,0.24793785963184095,0.003064280534903312,10,0.4542632777324254,0.015170566248801406,10,0.16439088606826766,0.0020208895177961377,10,0.2970569948232501,0.009490748049736403,10,155.54428100585938,0.0,10,131.63018944999786,21.067207625208205,10,1.0,0.0,10,0.0,0.0,10,1.0,0.0,10,0.0,0.0,10,40775.0,0.0,10
main,gru,ETTm1,mcar_p10,Random,none,0.0,0.2479951855847582,0.00295768835550873,20,0.4615390969112766,0.01575877687530979,20,0.16426414878562842,0.001964451919032953,20,0.29956660029608967,0.00897767398481334,20,120.70236206054688,0.0,20,101.55626317499991,17.812806924430816,20,1.0,0.0,20,0.0,0.0,20,1.0,0.0,20,0.0,0.0,20,40775.0,0.0,20
main,gru,PhysioNet2012,hetero,CoRA-Core,none,0.0,0.6323073077981121,0.001409686156497557,20,0.917644787994805,0.00850235873819606,20,0.3714025085491661,0.0010971924103150557,20,0.40456691704091163,0.002129237550932091,20,161.90545654296875,0.0,20,127.9465987750009,16.72898967360389,20,1.0,0.0,20,0.0,0.0,20,1.0,0.0,20,0.0,0.0,20,54694.0,0.0,20
main,gru,PhysioNet2012,hetero,CoRA-StepAlloc,none,0.0,0.6322577670126776,0.0014030618478926046,20,0.9174004590427896,0.008691540683728365,20,0.3714797993829112,0.000991677989627833,20,0.40459730301633845,0.002095398288754861,20,161.90545654296875,0.0,20,130.0132678949958,27.700276353077378,20,1.0,0.0,20,0.0,0.0,20,1.0,0.0,20,0.0,0.0,20,54694.0,0.0,20
main,gru,PhysioNet2012,hetero,FedAvg,none,0.0,0.6317655478531464,0.0010978658448630959,10,0.9141030398730928,0.007593968768891948,10,0.37143549264491216,0.0009010587099625008,10,0.4044138934393898,0.0018465760904774198,10,208.64105224609375,0.0,10,181.66955875000568,21.03355805555745,10,1.0,0.0,10,0.0,0.0,10,1.0,0.0,10,0.0,0.0,10,54694.0,0.0,10
main,gru,PhysioNet2012,hetero,FedProx,none,0.0,0.6371864545332322,0.0010506986183514654,10,0.919010322163539,0.0058751253567090505,10,0.37654737379218933,0.0009563771601671645,10,0.40907956695514675,0.0018509538100283018,10,208.64105224609375,0.0,10,229.27404630000237,33.69188198880664,10,1.0,0.0,10,0.0,0.0,10,1.0,0.0,10,0.0,0.0,10,54694.0,0.0,10
main,gru,PhysioNet2012,hetero,LocalOnly,none,0.0,,,0,,,0,,,0,,,0,0.0,0.0,10,169.77892128000968,24.00133061278949,10,,,0,,,0,,,0,,,0,,,0
main,gru,PhysioNet2012,hetero,qFedAvg,none,0.0,0.6317742418197624,0.0011008122035237689,10,0.9140158177012493,0.007546087147698993,10,0.3714860334848447,0.0009217387654141214,10,0.40450409635754647,0.001878596004593128,10,208.64105224609375,0.0,10,182.14301616999438,23.23607661889881,10,1.0,0.0,10,0.0,0.0,10,1.0,0.0,10,0.0,0.0,10,54694.0,0.0,10
main,gru,PhysioNet2012,hetero,Random,none,0.0,0.6323812309827131,0.001396436607690003,20,0.9185669270497858,0.008989043627561902,20,0.37142838777610654,0.0009751501608842311,20,0.4044107065221497,0.0019941575708589164,20,161.90545654296875,0.0,20,122.78518650499754,17.272712545012222,20,1.0,0.0,20,0.0,0.0,20,1.0,0.0,20,0.0,0.0,20,54694.0,0.0,20
main,gru,PhysioNet2012,mcar_p10,CoRA-Core,none,0.0,0.6609597736169063,0.001231589984805227,20,1.3354176273234315,0.01349660418199063,20,0.36450177822936897,0.0009375737903886736,20,0.3835673337183485,0.0018059588504790122,20,161.90545654296875,0.0,20,128.85783953000356,24.86303972310781,20,1.0,0.0,20,0.0,0.0,20,1.0,0.0,20,0.0,0.0,20,54694.0,0.0,20
main,gru,PhysioNet2012,mcar_p10,CoRA-StepAlloc,none,0.0,0.6609271112814368,0.001222963899634891,20,1.335036194677825,0.013351138085346003,20,0.3645630761364703,0.0009931451055012117,20,0.38351821373865636,0.001974861155847119,20,161.90545654296875,0.0,20,124.49312409999693,18.4895284028157,20,1.0,0.0,20,0.0,0.0,20,1.0,0.0,20,0.0,0.0,20,54694.0,0.0,20
main,gru,PhysioNet2012,mcar_p10,FedAvg,none,0.0,0.6604691077548305,0.0013182107363222605,10,1.3316486157610705,0.017623423038484243,10,0.3645921769425758,0.0009177511085754313,10,0.3830967879718218,0.0021628070784804774,10,208.64105224609375,0.0,10,170.5749939100002,30.1697716717053,10,1.0,0.0,10,0.0,0.0,10,1.0,0.0,10,0.0,0.0,10,54694.0,0.0,10
main,gru,PhysioNet2012,mcar_p10,FedProx,none,0.0,0.6667184918464975,0.0010258452597828257,10,1.3414633327219068,0.013874458530797702,10,0.36995624619700307,0.0007075931914283465,10,0.38824363427195946,0.0017529294439495812,10,208.64105224609375,0.0,10,218.35705295998486,35.23192178172218,10,1.0,0.0,10,0.0,0.0,10,1.0,0.0,10,0.0,0.0,10,54694.0,0.0,10
main,gru,PhysioNet2012,mcar_p10,LocalOnly,none,0.0,,,0,,,0,,,0,,,0,0.0,0.0,10,170.53018171000878,27.14271355917638,10,,,0,,,0,,,0,,,0,,,0
main,gru,PhysioNet2012,mcar_p10,qFedAvg,none,0.0,0.660460096564189,0.001314641911306184,10,1.3311262064796903,0.017623853723509542,10,0.3646413074056808,0.0009321985616542562,10,0.38309765444978616,0.002126484760106478,10,208.64105224609375,0.0,10,172.91900762000586,26.725704992429986,10,1.0,0.0,10,0.0,0.0,10,1.0,0.0,10,0.0,0.0,10,54694.0,0.0,10
main,gru,PhysioNet2012,mcar_p10,Random,none,0.0,0.6609472460126855,0.0012119492565332386,20,1.3358909727791075,0.013793773998331276,20,0.36440044316328235,0.0008452683328500622,20,0.38342760558764744,0.0016706228708499075,20,161.90545654296875,0.0,20,131.92982161499967,24.870745333346754,20,1.0,0.0,20,0.0,0.0,20,1.0,0.0,20,0.0,0.0,20,54694.0,0.0,20
sensitivity,gru,ETTm1,hetero_h4,CoRA-Core,none,0.0,0.29530987142614495,0.004021047247205269,190,0.49736706641739953,0.01254740734380887,190,0.19780127337798648,0.003191577316345731,190,0.31830066637296656,0.014074757609003436,190,122.20868562397204,10.971029157368761,190,82.98211745262961,7.917443008600152,190,1.0,0.0,190,0.0,0.0,190,1.0,0.0,190,0.0,0.0,190,40775.0,0.0,190
sensitivity,gru,ETTm1,hetero_h4,CoRA-StepAlloc,none,0.0,0.2952995129344708,0.0037934903013778186,90,0.4980721240612983,0.011916239756261538,90,0.1976660132053437,0.0029356549991784576,90,0.3193099832069384,0.013604926442090538,90,120.70236206054688,0.0,90,80.47616224777884,1.0459281131776939,90,1.0,0.0,90,0.0,0.0,90,1.0,0.0,90,0.0,0.0,90,40775.0,0.0,90
stress,gru,ETTm1,hetero_h1,CoRA-Core,none,0.0,0.2867344717917928,0.0033605026519369727,20,0.44318337449726924,0.011664449865596038,20,0.19069700360699765,0.002688476450977477,20,0.2802493829575646,0.010427555842925016,20,120.70236206054688,0.0,20,88.528006895,16.32441565227164,20,1.0,0.0,20,0.0,0.0,20,1.0,0.0,20,0.0,0.0,20,40775.0,0.0,20
stress,gru,ETTm1,hetero_h1,CoRA-StepAlloc,none,0.0,0.286845316052312,0.003370080465862597,20,0.44699377473820096,0.01246916852773541,20,0.1907536398022262,0.0026872139892944544,20,0.28219731265304715,0.010819339093926109,20,120.70236206054688,0.0,20,88.4333566250003,16.272965464047882,20,1.0,0.0,20,0.0,0.0,20,1.0,0.0,20,0.0,0.0,20,40775.0,0.0,20
stress,gru,ETTm1,hetero_h1,FedAvg,none,0.0,0.28590153319845524,0.0033427505770959867,10,0.4538348806749443,0.012951022223614989,10,0.18983714743371785,0.002694792350331825,10,0.2859741164979554,0.01254228449574523,10,155.54428100585938,0.0,10,125.66895434000762,15.432577417461713,10,1.0,0.0,10,0.0,0.0,10,1.0,0.0,10,0.0,0.0,10,40775.0,0.0,10
stress,gru,ETTm1,hetero_h1,Random,none,0.0,0.28653972795877997,0.003188279118523016,20,0.4513922483258074,0.01195915629976349,20,0.19057014794309568,0.0024938168824544527,20,0.2877774556007946,0.012891400616523956,20,120.70236206054688,0.0,20,89.62270639999915,17.385470632722825,20,1.0,0.0,20,0.0,0.0,20,1.0,0.0,20,0.0,0.0,20,40775.0,0.0,20
stress,gru,ETTm1,hetero_h2,CoRA-Core,none,0.0,0.2962153596579171,0.0031741737765202875,20,0.5231792878843158,0.012286444310819966,20,0.1984034282799773,0.0027337267380008615,20,0.3339528072951375,0.009978315426704777,20,120.70236206054688,0.0,20,86.98273081499792,13.82684372181527,20,1.0,0.0,20,0.0,0.0,20,1.0,0.0,20,0.0,0.0,20,40775.0,0.0,20
stress,gru,ETTm1,hetero_h2,CoRA-StepAlloc,none,0.0,0.2965258027756689,0.0031920059712659357,20,0.5267576645312053,0.012806448788600861,20,0.19865108592706573,0.0027462758051748602,20,0.3361828107468689,0.009729789319449702,20,120.70236206054688,0.0,20,86.2619646050036,10.956789308618486,20,1.0,0.0,20,0.0,0.0,20,1.0,0.0,20,0.0,0.0,20,40775.0,0.0,20
stress,gru,ETTm1,hetero_h2,FedAvg,none,0.0,0.29604670162442315,0.002204875828424741,10,0.5345261570884595,0.011012542215520888,10,0.19792264783320362,0.0017781273005937487,10,0.3394967824271408,0.01013606739900504,10,155.54428100585938,0.0,10,125.60559092999901,15.836910229116828,10,1.0,0.0,10,0.0,0.0,10,1.0,0.0,10,0.0,0.0,10,40775.0,0.0,10
stress,gru,ETTm1,hetero_h2,Random,none,0.0,0.296372819520493,0.0028582478832059983,20,0.5332947441689853,0.015973538744353838,20,0.1984319661347636,0.0024478880837909577,20,0.340885207965216,0.01174037288616324,20,120.70236206054688,0.0,20,86.33914773500291,10.942977503256294,20,1.0,0.0,20,0.0,0.0,20,1.0,0.0,20,0.0,0.0,20,40775.0,0.0,20
stress,gru,ETTm1,hetero_h3,CoRA-Core,none,0.0,0.28150789478304733,0.0031869251881962465,20,0.569147915653326,0.01558557355208362,20,0.19249095852512974,0.0025653519122137455,20,0.3121002789773365,0.010311037355077851,20,120.70236206054688,0.0,20,87.77424434500135,13.879981944167145,20,1.0,0.0,20,0.0,0.0,20,1.0,0.0,20,0.0,0.0,20,40775.0,0.0,20
stress,gru,ETTm1,hetero_h3,CoRA-StepAlloc,none,0.0,0.2817683364361151,0.0031964334138122347,20,0.5702806602259911,0.016782094848705485,20,0.19263289640032505,0.0025721184594480625,20,0.3129114067552952,0.010543996522441382,20,120.70236206054688,0.0,20,91.95968035000551,21.674005840587153,20,1.0,0.0,20,0.0,0.0,20,1.0,0.0,20,0.0,0.0,20,40775.0,0.0,20
stress,gru,ETTm1,hetero_h3,FedAvg,none,0.0,0.2808563799348318,0.0028994523600153685,10,0.5688524769217291,0.01623317609165167,10,0.19179482578254664,0.0023009553485670822,10,0.3128373712545914,0.010250619513647296,10,155.54428100585938,0.0,10,127.44511128998128,13.880113877280872,10,1.0,0.0,10,0.0,0.0,10,1.0,0.0,10,0.0,0.0,10,40775.0,0.0,10
stress,gru,ETTm1,hetero_h3,Random,none,0.0,0.2813322902802292,0.0028998583236137664,20,0.5736477070770711,0.017875532906832484,20,0.1920562473635124,0.0025207791183581188,20,0.314604431239336,0.01009654007216452,20,120.70236206054688,0.0,20,87.85286106499989,15.636370966918918,20,1.0,0.0,20,0.0,0.0,20,1.0,0.0,20,0.0,0.0,20,40775.0,0.0,20
stress,gru,ETTm1,hetero_h4,CoRA-Core,none,0.0,0.29507101520649903,0.0034606563000430263,20,0.4973908116297621,0.01128242701815058,20,0.197702315440135,0.0026913874938491087,20,0.3204542984478377,0.014323793092409706,20,120.70236206054688,0.0,20,94.77786782000184,27.136572930531774,20,1.0,0.0,20,0.0,0.0,20,1.0,0.0,20,0.0,0.0,20,40775.0,0.0,20
stress,gru,ETTm1,hetero_h4,CoRA-StepAlloc,none,0.0,0.2952636336484873,0.0034689556927211635,20,0.4985420933410837,0.010618634280887105,20,0.19776050423220554,0.0027491109020625266,20,0.32229959257592805,0.01479653692819009,20,120.70236206054688,0.0,20,94.34182150500274,25.528306701075586,20,1.0,0.0,20,0.0,0.0,20,1.0,0.0,20,0.0,0.0,20,40775.0,0.0,20
stress,gru,ETTm1,hetero_h4,FedAvg,none,0.0,0.29489629403655093,0.003971791320252458,10,0.4996451876286113,0.011587759312035264,10,0.19735557353015706,0.0030182081594608127,10,0.324535892623313,0.013641125553822195,10,155.54428100585938,0.0,10,127.72111689000158,13.795782877992048,10,1.0,0.0,10,0.0,0.0,10,1.0,0.0,10,0.0,0.0,10,40775.0,0.0,10
stress,gru,ETTm1,hetero_h4,Random,none,0.0,0.2952800995797918,0.0030798324780534595,20,0.5027557792216277,0.010005366619491833,20,0.197726653999657,0.002564959399135444,20,0.33049400942400453,0.014978211426434527,20,120.70236206054688,0.0,20,92.61215960000118,26.06783376529314,20,1.0,0.0,20,0.0,0.0,20,1.0,0.0,20,0.0,0.0,20,40775.0,0.0,20
stress,gru,ETTm1,mcar_p10,CoRA-Core,none,0.0,0.248242684542135,0.003206449503197712,20,0.4500072791769879,0.014731111851589887,20,0.16470799516276996,0.002275793403485716,20,0.2959873674109698,0.008114381349082496,20,120.70236206054688,0.0,20,94.06327165999828,24.421890909920762,20,1.0,0.0,20,0.0,0.0,20,1.0,0.0,20,0.0,0.0,20,40775.0,0.0,20
stress,gru,ETTm1,mcar_p10,CoRA-StepAlloc,none,0.0,0.24827686244443034,0.0032129497106164967,20,0.45371689071917887,0.014499170777719773,20,0.16462834068268023,0.0022507249276841634,20,0.2973110399723307,0.007854101769845757,20,120.70236206054688,0.0,20,96.33258725999767,28.383631886701938,20,1.0,0.0,20,0.0,0.0,20,1.0,0.0,20,0.0,0.0,20,40775.0,0.0,20
stress,gru,ETTm1,mcar_p10,FedAvg,none,0.0,0.2478563454736034,0.003126969344080477,10,0.4624010564598143,0.015915485037661513,10,0.16401672928456862,0.002033943870146433,10,0.30049033635276384,0.0092147696418919,10,155.54428100585938,0.0,10,126.98575077998684,14.639923609182674,10,1.0,0.0,10,0.0,0.0,10,1.0,0.0,10,0.0,0.0,10,40775.0,0.0,10
stress,gru,ETTm1,mcar_p10,Random,none,0.0,0.2479951855847582,0.00295768835550873,20,0.4615390969112766,0.01575877687530979,20,0.16426414878562842,0.001964451919032953,20,0.29956660029608967,0.00897767398481334,20,120.70236206054688,0.0,20,94.96344758000195,25.97642850785273,20,1.0,0.0,20,0.0,0.0,20,1.0,0.0,20,0.0,0.0,20,40775.0,0.0,20
stress,gru,ETTm1,mcar_p20,CoRA-Core,none,0.0,0.2649584299543546,0.0033886047237775448,20,0.520535594136329,0.016028197797230977,20,0.17905017153891634,0.0022491284812278223,20,0.33644513517607183,0.012248053812962867,20,120.70236206054688,0.0,20,95.00608614500088,23.003893914451886,20,1.0,0.0,20,0.0,0.0,20,1.0,0.0,20,0.0,0.0,20,40775.0,0.0,20
stress,gru,ETTm1,mcar_p20,CoRA-StepAlloc,none,0.0,0.26520521812261466,0.0034352656417148014,20,0.5244727804881852,0.016695208900422275,20,0.17913765004973187,0.002308803177641608,20,0.33818322235377746,0.012550219108870695,20,120.70236206054688,0.0,20,92.22898688999848,18.519241695890877,20,1.0,0.0,20,0.0,0.0,20,1.0,0.0,20,0.0,0.0,20,40775.0,0.0,20
stress,gru,ETTm1,mcar_p20,FedAvg,none,0.0,0.2640251284280912,0.0034407150212863173,10,0.5342113034824617,0.018232207483784246,10,0.1780855484464633,0.0022799068297396593,10,0.34381472060776597,0.012948368695664375,10,155.54428100585938,0.0,10,124.12963210000308,15.198439163846544,10,1.0,0.0,10,0.0,0.0,10,1.0,0.0,10,0.0,0.0,10,40775.0,0.0,10
stress,gru,ETTm1,mcar_p20,Random,none,0.0,0.2653593692694328,0.0032223803264662494,20,0.5323131750535015,0.0161813091501987,20,0.17905893963564207,0.0020868513448774233,20,0.34199621012309933,0.011682770198399596,20,120.70236206054688,0.0,20,95.71513846000016,26.821283781848233,20,1.0,0.0,20,0.0,0.0,20,1.0,0.0,20,0.0,0.0,20,40775.0,0.0,20
stress,gru,ETTm1,mcar_p30,CoRA-Core,none,0.0,0.283401165893418,0.003302021553167636,20,0.5648364818901029,0.020551648256235212,20,0.19744571218402196,0.0029179175993833757,20,0.3829371258329846,0.01345510746680592,20,120.70236206054688,0.0,20,92.26577200499305,19.066140596808435,20,1.0,0.0,20,0.0,0.0,20,1.0,0.0,20,0.0,0.0,20,40775.0,0.0,20
stress,gru,ETTm1,mcar_p30,CoRA-StepAlloc,none,0.0,0.2838592856542598,0.003293140966348154,20,0.5717204513475052,0.020719777164545344,20,0.19768074415780074,0.0028952232055714953,20,0.38592868438594874,0.013443431061226113,20,120.70236206054688,0.0,20,91.44353847000166,18.865660386478144,20,1.0,0.0,20,0.0,0.0,20,1.0,0.0,20,0.0,0.0,20,40775.0,0.0,20
stress,gru,ETTm1,mcar_p30,FedAvg,none,0.0,0.28185884751716306,0.0026290304960673158,10,0.5719889713937134,0.020629962126466256,10,0.1956207800581034,0.001846312454713352,10,0.3844168945571346,0.013370116758706203,10,155.54428100585938,0.0,10,126.79799833000871,13.439713612420196,10,1.0,0.0,10,0.0,0.0,10,1.0,0.0,10,0.0,0.0,10,40775.0,0.0,10
stress,gru,ETTm1,mcar_p30,Random,none,0.0,0.28366359040968814,0.003586566380963193,20,0.5767279055693728,0.0196151507893699,20,0.19745442648404465,0.0030568943881964065,20,0.3884591265147754,0.0124308151937436,20,120.70236206054688,0.0,20,91.21434708499874,17.356478765510275,20,1.0,0.0,20,0.0,0.0,20,1.0,0.0,20,0.0,0.0,20,40775.0,0.0,20
stress,gru,ETTm1,mcar_p40,CoRA-Core,none,0.0,0.31794908907849684,0.004974924439673592,20,0.5810873039096365,0.02472377792871552,20,0.2198109812569317,0.004174479485496198,20,0.3661433150644454,0.012081375757718777,20,120.70236206054688,0.0,20,91.5609223049978,18.46012176059517,20,1.0,0.0,20,0.0,0.0,20,1.0,0.0,20,0.0,0.0,20,40775.0,0.0,20
stress,gru,ETTm1,mcar_p40,CoRA-StepAlloc,none,0.0,0.31822281417774373,0.004931298108744735,20,0.5829138774440755,0.024083752175241658,20,0.21991672219825692,0.004158638677130365,20,0.3687328187522464,0.011898278764569187,20,120.70236206054688,0.0,20,91.40429082999762,18.73549573949658,20,1.0,0.0,20,0.0,0.0,20,1.0,0.0,20,0.0,0.0,20,40775.0,0.0,20
stress,gru,ETTm1,mcar_p40,FedAvg,none,0.0,0.3159763992206733,0.003821016136716994,10,0.5794831409846551,0.020687195858009166,10,0.21796575222927544,0.0032344671174190757,10,0.37130597911410185,0.009185870222947153,10,155.54428100585938,0.0,10,136.47301265000132,39.69186302295701,10,1.0,0.0,10,0.0,0.0,10,1.0,0.0,10,0.0,0.0,10,40775.0,0.0,10
stress,gru,ETTm1,mcar_p40,Random,none,0.0,0.31771714676668983,0.0050071850534122225,20,0.5872843331600748,0.025967270239866568,20,0.21939295972836909,0.004091576685254089,20,0.3689651799974306,0.011220457703477967,20,120.70236206054688,0.0,20,91.22749693000223,17.70678997124143,20,1.0,0.0,20,0.0,0.0,20,1.0,0.0,20,0.0,0.0,20,40775.0,0.0,20
stress,gru,ETTm1,mcar_p50,CoRA-Core,none,0.0,0.3446318086546339,0.004851713252330938,20,0.565535955464563,0.023453945571438078,20,0.2370354520063868,0.003987881795005636,20,0.3578349420501582,0.01376182564443262,20,120.70236206054688,0.0,20,92.87428365500236,19.497075908582516,20,1.0,0.0,20,0.0,0.0,20,1.0,0.0,20,0.0,0.0,20,40775.0,0.0,20
stress,gru,ETTm1,mcar_p50,CoRA-StepAlloc,none,0.0,0.3450737692785406,0.004858585877315971,20,0.5680140303475437,0.0231432526423039,20,0.23727926888813505,0.003954350959029394,20,0.36110195235991377,0.014070206523709985,20,120.70236206054688,0.0,20,93.31914981500158,18.359808011618536,20,1.0,0.0,20,0.0,0.0,20,1.0,0.0,20,0.0,0.0,20,40775.0,0.0,20
stress,gru,ETTm1,mcar_p50,FedAvg,none,0.0,0.343604564725661,0.0037067533358373424,10,0.5635330813536463,0.011111814633757936,10,0.23596280569923506,0.0030535210431546222,10,0.3646470136652794,0.01480651876067483,10,155.54428100585938,0.0,10,136.96748001999222,44.431298714682804,10,1.0,0.0,10,0.0,0.0,10,1.0,0.0,10,0.0,0.0,10,40775.0,0.0,10
stress,gru,ETTm1,mcar_p50,Random,none,0.0,0.34517524179480613,0.0045602530636433426,20,0.573891906165647,0.02315380957453704,20,0.23717093905942374,0.003804123798721924,20,0.3610004420245108,0.015820598708326257,20,120.70236206054688,0.0,20,91.78873757499969,17.16217291248194,20,1.0,0.0,20,0.0,0.0,20,1.0,0.0,20,0.0,0.0,20,40775.0,0.0,20
stress,gru,ETTm1,mcar_p60,CoRA-Core,none,0.0,0.3848871147749769,0.004888123435075839,20,0.6597706391043647,0.013551293992474183,20,0.2698905907059833,0.0041922719506242235,20,0.4396632843980832,0.014166471871464146,20,120.70236206054688,0.0,20,93.1043337999974,19.52638494696336,20,1.0,0.0,20,0.0,0.0,20,1.0,0.0,20,0.0,0.0,20,40775.0,0.0,20
stress,gru,ETTm1,mcar_p60,CoRA-StepAlloc,none,0.0,0.38517720491412233,0.004916215948980306,20,0.664289157485302,0.01409707165655992,20,0.2700490392059254,0.004232521094440033,20,0.4419310390860903,0.014547847116609164,20,120.70236206054688,0.0,20,92.59309480000374,17.597761079152065,20,1.0,0.0,20,0.0,0.0,20,1.0,0.0,20,0.0,0.0,20,40775.0,0.0,20
stress,gru,ETTm1,mcar_p60,FedAvg,none,0.0,0.38282010986700243,0.003792808502156821,10,0.6676615270190626,0.015727175441084474,10,0.2680508409800629,0.0032496653523493182,10,0.44230255815673003,0.014748244206918424,10,155.54428100585938,0.0,10,136.11204275999336,43.93132028097614,10,1.0,0.0,10,0.0,0.0,10,1.0,0.0,10,0.0,0.0,10,40775.0,0.0,10
stress,gru,ETTm1,mcar_p60,Random,none,0.0,0.3851997206688832,0.005429454051855821,20,0.6712100949655715,0.017651366215007694,20,0.269815877629902,0.004647348215436119,20,0.44423684771984606,0.01425834064158079,20,120.70236206054688,0.0,20,91.80638621000253,18.064029398481562,20,1.0,0.0,20,0.0,0.0,20,1.0,0.0,20,0.0,0.0,20,40775.0,0.0,20
stress,gru,ETTm1,mcar_p70,CoRA-Core,none,0.0,0.4097542860581445,0.005105402596838813,20,0.7211847620147348,0.022641834355584478,20,0.2938357638754525,0.004887439337266982,20,0.501533168780249,0.018716228011689522,20,120.70236206054688,0.0,20,91.09490677500143,18.29208177997127,20,1.0,0.0,20,0.0,0.0,20,1.0,0.0,20,0.0,0.0,20,40775.0,0.0,20
stress,gru,ETTm1,mcar_p70,CoRA-StepAlloc,none,0.0,0.4100226174426977,0.005339864287710854,20,0.7266887115339868,0.022403901701350717,20,0.29403714045947693,0.005103426712602295,20,0.5047977747402854,0.01848587582693747,20,120.70236206054688,0.0,20,94.40797678500094,22.91970397520886,20,1.0,0.0,20,0.0,0.0,20,1.0,0.0,20,0.0,0.0,20,40775.0,0.0,20
stress,gru,ETTm1,mcar_p70,FedAvg,none,0.0,0.41021445126545697,0.004432361393708748,10,0.7250894216067987,0.016618798880972088,10,0.2938608453360907,0.003968775022374671,10,0.5019231320986897,0.015555395059565418,10,155.54428100585938,0.0,10,138.88968099001212,44.106144497443154,10,1.0,0.0,10,0.0,0.0,10,1.0,0.0,10,0.0,0.0,10,40775.0,0.0,10
stress,gru,ETTm1,mcar_p70,Random,none,0.0,0.4103202923964789,0.004919563969234471,20,0.740286933594876,0.014918569040030602,20,0.29401674325338406,0.004704603805800834,20,0.511303740638934,0.013815740195676364,20,120.70236206054688,0.0,20,90.78293703000381,17.086964986686336,20,1.0,0.0,20,0.0,0.0,20,1.0,0.0,20,0.0,0.0,20,40775.0,0.0,20
stress,gru,ETTm1,mcar_p80,CoRA-Core,none,0.0,0.4982438712890908,0.005978403566818093,20,0.7084137946216464,0.019035664480123275,20,0.3615683314825361,0.005888372323358307,20,0.5012906972872904,0.012791474928144196,20,120.70236206054688,0.0,20,94.05969748000352,22.246143097539452,20,1.0,0.0,20,0.0,0.0,20,1.0,0.0,20,0.0,0.0,20,40775.0,0.0,20
stress,gru,ETTm1,mcar_p80,CoRA-StepAlloc,none,0.0,0.49821769439439284,0.0059853526544109276,20,0.7134973529168633,0.01861872964206542,20,0.3613343960116171,0.005831053240120959,20,0.5042570520928551,0.013416211225754267,20,120.70236206054688,0.0,20,91.35867149999831,18.24060235416651,20,1.0,0.0,20,0.0,0.0,20,1.0,0.0,20,0.0,0.0,20,40775.0,0.0,20
stress,gru,ETTm1,mcar_p80,FedAvg,none,0.0,0.49897690066240735,0.005544909824702344,10,0.7096786699620016,0.02430307401312692,10,0.3612293105209604,0.0052360695697022215,10,0.502304706534954,0.011946274395235271,10,155.54428100585938,0.0,10,129.62103874000604,16.574725951205973,10,1.0,0.0,10,0.0,0.0,10,1.0,0.0,10,0.0,0.0,10,40775.0,0.0,10
stress,gru,ETTm1,mcar_p80,Random,none,0.0,0.49851533697997963,0.00628717057234189,20,0.7219446625908489,0.02086656235305446,20,0.361087238188927,0.005496716472055747,20,0.5121960068855518,0.01783942694941196,20,120.70236206054688,0.0,20,93.69645239500387,22.32544321393604,20,1.0,0.0,20,0.0,0.0,20,1.0,0.0,20,0.0,0.0,20,40775.0,0.0,20
